,parameter,MAP,hpd_l,hpd_u
0,D,0.012010624596398352,0.6931471805599453,0.6931471805599453
1,S,0.6641061877467073,5.552706639436453,5.552706639436453
2,variance,156.64238001455212,155.9415462232331,155.9415462232331
3,lengthscale,17.675118594623648,0.6931471805599453,0.6931471805599453
4,variance_m,17.919554316290547,18.37757635917058,18.37757635917058
5,variance_p,42.0279980395089,43.39286789776776,43.39286789776776
