,parameter,MAP,hpd_l,hpd_u
0,D,0.005401678837574658,0.06203221897288579,0.6931471805599453
1,variance,24.5239957584838,24.486840463721848,24.588198110781835
2,lengthscale,15.578031737516099,0.6931471805600408,3.8579334471969076
3,variance_m,47.67855274785766,49.50909585872691,50.38416238647896
4,variance_p,3.7136650095321166,3.4724226788588353,3.537931739849577
